{"lr": 2.0744659612697135e-05, "data_time": 0.0010520458221435548, "loss": 1.2448008358478546, "time": 0.27264225482940674, "epoch": 1, "memory": 2107, "step": 100}
{"lr": 4.0688760231583165e-05, "data_time": 0.0011520862579345703, "loss": 1.14426531791687, "time": 0.27456910610198976, "epoch": 1, "memory": 2107, "step": 200}
{"lr": 6.0632860850469344e-05, "data_time": 0.0010529518127441405, "loss": 1.3296002447605133, "time": 0.27571558952331543, "epoch": 1, "memory": 2107, "step": 300}
{"lr": 8.057696146935537e-05, "data_time": 0.0010536909103393555, "loss": 1.308530968427658, "time": 0.2767845392227173, "epoch": 1, "memory": 2107, "step": 400}
{"lr": 0.00010052106208824147, "data_time": 0.001154470443725586, "loss": 1.0911458611488343, "time": 0.2771010160446167, "epoch": 1, "memory": 2107, "step": 500}
{"lr": 0.00012046516270712771, "data_time": 0.0012554883956909179, "loss": 1.1772504091262816, "time": 0.277653169631958, "epoch": 1, "memory": 2107, "step": 600}
{"lr": 0.00014040926332601383, "data_time": 0.0012037992477416993, "loss": 1.1961862683296203, "time": 0.2781566619873047, "epoch": 1, "memory": 2107, "step": 700}
{"lr": 0.0001603533639449001, "data_time": 0.0010527610778808595, "loss": 1.1322599947452545, "time": 0.2778507471084595, "epoch": 1, "memory": 2107, "step": 800}
{"lr": 0.00018029746456378653, "data_time": 0.0012022495269775391, "loss": 1.2053450226783753, "time": 0.27817397117614745, "epoch": 1, "memory": 2107, "step": 900}
{"lr": 0.00020024156518267294, "data_time": 0.001053190231323242, "loss": 1.3485928297042846, "time": 0.2781306028366089, "epoch": 1, "memory": 2107, "step": 1000}
{"accuracy/top1": 64.76683807373047, "data_time": 0.5460176587104797, "time": 0.641974687576294, "step": 1}
{"lr": 0.00022058454781393708, "data_time": 0.0011025428771972655, "loss": 1.2143295049667358, "time": 0.27743258476257326, "epoch": 2, "memory": 2107, "step": 1102}
{"lr": 0.00024052864843282338, "data_time": 0.001053190231323242, "loss": 1.2123696982860566, "time": 0.2780400991439819, "epoch": 2, "memory": 2107, "step": 1202}
{"lr": 0.00026047274905170975, "data_time": 0.0010528564453125, "loss": 1.2420477867126465, "time": 0.27793548107147215, "epoch": 2, "memory": 2107, "step": 1302}
{"lr": 0.00028041684967059616, "data_time": 0.0013522624969482422, "loss": 1.2015428125858307, "time": 0.2784674644470215, "epoch": 2, "memory": 2107, "step": 1402}
{"lr": 0.00030036095028948285, "data_time": 0.0012550592422485352, "loss": 1.1194103538990021, "time": 0.2785762071609497, "epoch": 2, "memory": 2107, "step": 1502}
{"lr": 0.00032030505090836927, "data_time": 0.001153707504272461, "loss": 1.2466973304748534, "time": 0.2791082143783569, "epoch": 2, "memory": 2107, "step": 1602}
{"lr": 0.00034024915152725595, "data_time": 0.0011518478393554687, "loss": 1.269395762681961, "time": 0.27940518856048585, "epoch": 2, "memory": 2107, "step": 1702}
{"lr": 0.0003601932521461424, "data_time": 0.0011019945144653321, "loss": 1.185728371143341, "time": 0.2818951368331909, "epoch": 2, "memory": 2107, "step": 1802}
{"lr": 0.00038013735276503003, "data_time": 0.0011531591415405273, "loss": 1.1363905847072602, "time": 0.2808894395828247, "epoch": 2, "memory": 2107, "step": 1902}
{"lr": 0.0004000814533839164, "data_time": 0.001152944564819336, "loss": 1.2703318774700165, "time": 0.28105084896087645, "epoch": 2, "memory": 2107, "step": 2002}
{"accuracy/top1": 63.730567932128906, "data_time": 0.005512521380469913, "time": 0.08230942771548316, "step": 2}
{"lr": 0.00036039133476289075, "data_time": 0.0010529041290283203, "loss": 1.1894237875938416, "time": 0.281842041015625, "epoch": 3, "memory": 2107, "step": 2104}
{"lr": 0.0003774875842359505, "data_time": 0.001154184341430664, "loss": 1.024239706993103, "time": 0.2819765329360962, "epoch": 3, "memory": 2107, "step": 2204}
{"lr": 0.00039458383370901047, "data_time": 0.001207590103149414, "loss": 1.2988398551940918, "time": 0.2818105936050415, "epoch": 3, "memory": 2107, "step": 2304}
{"lr": 0.0004116800831820703, "data_time": 0.001201462745666504, "loss": 1.2335347950458526, "time": 0.2810371875762939, "epoch": 3, "memory": 2107, "step": 2404}
{"lr": 0.0004287763326551299, "data_time": 0.001252603530883789, "loss": 1.2456506669521332, "time": 0.28188998699188234, "epoch": 3, "memory": 2107, "step": 2504}
{"lr": 0.0004458725821281893, "data_time": 0.0011529207229614257, "loss": 1.3050274074077606, "time": 0.2818402051925659, "epoch": 3, "memory": 2107, "step": 2604}
{"lr": 0.00046296883160124887, "data_time": 0.001152181625366211, "loss": 1.3079436779022218, "time": 0.28231770992279054, "epoch": 3, "memory": 2107, "step": 2704}
{"lr": 0.00048006508107430895, "data_time": 0.0011537313461303712, "loss": 1.1721100866794587, "time": 0.28135113716125487, "epoch": 3, "memory": 2107, "step": 2804}
{"lr": 0.0004971613305473686, "data_time": 0.0011530160903930665, "loss": 1.0993945598602295, "time": 0.2818895816802979, "epoch": 3, "memory": 2107, "step": 2904}
{"lr": 0.0005142575800204279, "data_time": 0.00110318660736084, "loss": 1.203949785232544, "time": 0.2805220127105713, "epoch": 3, "memory": 2107, "step": 3004}
{"accuracy/top1": 66.32124328613281, "data_time": 0.0054763271695091615, "time": 0.08223916235424224, "step": 3}
{"lr": 0.00031573848801796575, "data_time": 0.001303553581237793, "loss": 1.1575727581977844, "time": 0.28188343048095704, "epoch": 4, "memory": 2107, "step": 3106}
{"lr": 0.00032589080522924587, "data_time": 0.0012042760848999024, "loss": 1.2694872200489045, "time": 0.28094422817230225, "epoch": 4, "memory": 2107, "step": 3206}
{"lr": 0.0003360431224405258, "data_time": 0.0011552333831787109, "loss": 1.105718845129013, "time": 0.28189778327941895, "epoch": 4, "memory": 2107, "step": 3306}
{"lr": 0.0003461954396518059, "data_time": 0.0013026714324951172, "loss": 1.0443785429000854, "time": 0.28213632106781006, "epoch": 4, "memory": 2107, "step": 3406}
{"lr": 0.00035634775686308617, "data_time": 0.0011531591415405273, "loss": 1.1325182974338532, "time": 0.2818974256515503, "epoch": 4, "memory": 2107, "step": 3506}
{"lr": 0.00036650007407436623, "data_time": 0.001151704788208008, "loss": 1.198160970211029, "time": 0.28163273334503175, "epoch": 4, "memory": 2107, "step": 3606}
{"lr": 0.000376652391285646, "data_time": 0.001203155517578125, "loss": 1.0045871973037719, "time": 0.28228471279144285, "epoch": 4, "memory": 2107, "step": 3706}
{"lr": 0.00038680470849692604, "data_time": 0.001369166374206543, "loss": 1.2948817193508149, "time": 0.28102161884307864, "epoch": 4, "memory": 2107, "step": 3806}
{"lr": 0.00039695702570820637, "data_time": 0.0011528491973876952, "loss": 1.152443265914917, "time": 0.28199470043182373, "epoch": 4, "memory": 2107, "step": 3906}
{"lr": 0.00040710934291948654, "data_time": 0.00110321044921875, "loss": 1.2024449586868287, "time": 0.28190085887908933, "epoch": 4, "memory": 2107, "step": 4006}
{"accuracy/top1": 64.76683807373047, "data_time": 0.005690983363560268, "time": 0.08257154056004115, "step": 4}
{"lr": 0.00012951809081503303, "data_time": 0.001103687286376953, "loss": 1.0874849736690522, "time": 0.2821245908737183, "epoch": 5, "memory": 2107, "step": 4108}
{"lr": 0.00013266783909832267, "data_time": 0.0010536909103393555, "loss": 1.1377434849739074, "time": 0.2824533224105835, "epoch": 5, "memory": 2107, "step": 4208}
{"lr": 0.00013581758738161217, "data_time": 0.0011535882949829102, "loss": 1.0309417843818665, "time": 0.28211872577667235, "epoch": 5, "memory": 2107, "step": 4308}
{"lr": 0.0001389673356649017, "data_time": 0.0011515855789184571, "loss": 1.250246798992157, "time": 0.28128058910369874, "epoch": 5, "memory": 2107, "step": 4408}
{"lr": 0.00014211708394819115, "data_time": 0.0013205528259277344, "loss": 1.2246859788894653, "time": 0.2821241855621338, "epoch": 5, "memory": 2107, "step": 4508}
{"lr": 0.00014526683223148052, "data_time": 0.001252126693725586, "loss": 1.176371967792511,